{"stats":{"minecraft:custom":{"minecraft:interact_with_furnace":12,"minecraft:mob_kills":1,"minecraft:interact_with_crafting_table":19,"minecraft:leave_game":2,"minecraft:time_since_death":50931,"minecraft:sleep_in_bed":6,"minecraft:climb_one_cm":2992,"minecraft:time_since_rest":12292,"minecraft:sprint_one_cm":154470,"minecraft:damage_taken":489,"minecraft:walk_one_cm":147910,"minecraft:drop":47,"minecraft:damage_dealt":262,"minecraft:swim_one_cm":1243,"minecraft:fly_one_cm":94249,"minecraft:open_chest":1,"minecraft:crouch_one_cm":5930,"minecraft:play_time":50931,"minecraft:sneak_time":2085,"minecraft:walk_under_water_one_cm":8565,"minecraft:jump":715,"minecraft:walk_on_water_one_cm":8532,"minecraft:total_world_time":50931,"minecraft:fall_one_cm":16004},"minecraft:dropped":{"minecraft:oak_door":2,"minecraft:water_bucket":1,"minecraft:bread":40,"minecraft:stone_axe":1,"minecraft:wheat_seeds":12,"minecraft:wheat":1,"minecraft:stone_shovel":1,"minecraft:chicken":5,"man:cassette_1safetyinstructions":2,"minecraft:leather":6,"minecraft:white_bed":1,"minecraft:coal":3,"minecraft:stick":1,"minecraft:dirt":14,"minecraft:hay_block":20,"minecraft:gunpowder":1,"minecraft:wooden_hoe":2,"minecraft:mutton":5,"minecraft:oak_sapling":1,"minecraft:bow":1,"minecraft:arrow":1,"minecraft:wooden_pickaxe":2,"minecraft:stone_pickaxe":1,"minecraft:paper":2,"minecraft:white_wool":1,"minecraft:acacia_planks":1,"minecraft:egg":3},"minecraft:used":{"minecraft:stone_pickaxe":108,"minecraft:oak_planks":64,"minecraft:wooden_pickaxe":3,"minecraft:iron_chestplate":1,"minecraft:orange_bed":1,"minecraft:torch":14,"minecraft:dirt":8,"minecraft:crafting_table":1,"minecraft:red_bed":4,"minecraft:bread":11,"minecraft:gravel":2,"minecraft:cobblestone":48,"minecraft:hay_block":1,"minecraft:furnace":1,"minecraft:andesite":8,"minecraft:acacia_planks":51,"minecraft:iron_leggings":1},"minecraft:crafted":{"minecraft:oak_planks":60,"minecraft:crafting_table":1,"minecraft:wooden_pickaxe":1,"minecraft:furnace":1,"minecraft:bread":139,"minecraft:air":0,"minecraft:iron_chestplate":1,"minecraft:shield":1,"minecraft:stick":8,"minecraft:iron_ingot":16,"minecraft:stone_pickaxe":1,"minecraft:iron_leggings":1,"minecraft:acacia_planks":52,"minecraft:torch":16,"minecraft:wheat":405},"minecraft:picked_up":{"minecraft:wheat":13,"minecraft:feather":2,"minecraft:chicken":5,"minecraft:water_bucket":1,"minecraft:andesite":10,"minecraft:leather":6,"minecraft:wooden_pickaxe":1,"minecraft:oak_log":15,"minecraft:gunpowder":1,"minecraft:paper":2,"minecraft:wooden_hoe":2,"minecraft:dirt":22,"minecraft:red_bed":4,"man:cassette_1safetyinstructions":2,"minecraft:bone":2,"minecraft:acacia_planks":7,"minecraft:bow":1,"minecraft:wheat_seeds":76,"minecraft:iron_ingot":1,"minecraft:stone_pickaxe":1,"minecraft:acacia_sapling":2,"minecraft:oak_planks":15,"minecraft:furnace":1,"minecraft:egg":4,"minecraft:stick":2,"minecraft:raw_iron":43,"minecraft:oak_door":2,"minecraft:torch":16,"minecraft:acacia_log":13,"minecraft:gravel":2,"minecraft:white_bed":1,"minecraft:orange_bed":1,"minecraft:arrow":1,"minecraft:stone_shovel":1,"minecraft:rotten_flesh":2,"minecraft:stone_axe":1,"minecraft:hay_block":66,"minecraft:bread":34,"minecraft:oak_sapling":2,"minecraft:mutton":5,"minecraft:coal":11,"minecraft:white_wool":1,"minecraft:cobblestone":59},"minecraft:mined":{"minecraft:acacia_leaves":7,"minecraft:red_bed":3,"minecraft:torch":5,"minecraft:acacia_log":13,"minecraft:grass_block":4,"minecraft:tall_grass":1,"minecraft:cobblestone":1,"minecraft:oak_planks":13,"minecraft:hay_block":45,"minecraft:furnace":1,"minecraft:iron_ore":20,"minecraft:wheat":20,"minecraft:andesite":5,"minecraft:grass":47,"minecraft:oak_log":15,"minecraft:coal_ore":8,"minecraft:deepslate_iron_ore":4,"minecraft:dirt":5,"minecraft:acacia_planks":5,"minecraft:stone":56,"minecraft:oak_leaves":1,"minecraft:orange_bed":1}},"DataVersion":3120}