{"stats":{"minecraft:broken":{"minecraft:stone_pickaxe":1},"minecraft:custom":{"minecraft:mob_kills":2,"minecraft:interact_with_crafting_table":25,"minecraft:leave_game":2,"minecraft:time_since_death":65505,"minecraft:climb_one_cm":12224,"minecraft:sprint_one_cm":262265,"minecraft:walk_one_cm":286758,"minecraft:damage_blocked_by_shield":259,"minecraft:drop":58,"minecraft:play_time":116931,"minecraft:deaths":1,"minecraft:sneak_time":4036,"minecraft:walk_under_water_one_cm":11355,"minecraft:jump":1562,"minecraft:walk_on_water_one_cm":9376,"minecraft:total_world_time":116931,"minecraft:interact_with_furnace":17,"minecraft:sleep_in_bed":8,"minecraft:time_since_rest":63322,"minecraft:damage_taken":1318,"minecraft:damage_dealt":788,"minecraft:swim_one_cm":2327,"minecraft:fly_one_cm":228050,"minecraft:open_chest":7,"minecraft:crouch_one_cm":9175,"minecraft:fall_one_cm":32039},"minecraft:dropped":{"minecraft:water_bucket":1,"minecraft:bread":40,"minecraft:wheat_seeds":12,"man:cassette_1safetyinstructions":2,"minecraft:leather":6,"minecraft:coal":3,"minecraft:golden_apple":1,"minecraft:stick":18,"minecraft:oxeye_daisy":1,"minecraft:dirt":14,"minecraft:wooden_hoe":2,"minecraft:mutton":5,"minecraft:paper":2,"minecraft:birch_log":5,"minecraft:white_wool":1,"minecraft:acacia_planks":1,"minecraft:oak_door":2,"minecraft:stone_axe":1,"minecraft:stone_sword":1,"minecraft:blaze_rod":8,"minecraft:cobbled_deepslate":2,"minecraft:wheat":1,"minecraft:stone_shovel":1,"minecraft:chicken":5,"minecraft:rotten_flesh":2,"minecraft:oak_planks":1,"minecraft:white_bed":1,"minecraft:hay_block":20,"minecraft:gunpowder":1,"minecraft:oak_sapling":1,"minecraft:arrow":1,"minecraft:bow":1,"minecraft:stone_pickaxe":2,"minecraft:wooden_pickaxe":2,"minecraft:egg":3},"minecraft:used":{"minecraft:chest":1,"minecraft:shield":6,"minecraft:iron_sword":24,"minecraft:iron_chestplate":1,"minecraft:orange_bed":1,"minecraft:torch":19,"minecraft:dirt":8,"minecraft:nether_bricks":1,"minecraft:hay_block":1,"minecraft:furnace":2,"minecraft:egg":2,"minecraft:acacia_planks":51,"minecraft:iron_leggings":1,"minecraft:stone_pickaxe":117,"minecraft:oak_planks":64,"minecraft:wooden_pickaxe":3,"minecraft:crafting_table":1,"minecraft:red_bed":4,"minecraft:bread":28,"minecraft:oak_button":2,"minecraft:gravel":2,"minecraft:cobblestone":60,"minecraft:andesite":8},"minecraft:crafted":{"minecraft:oak_planks":60,"minecraft:furnace":1,"minecraft:iron_boots":1,"minecraft:stone_pickaxe":1,"minecraft:oak_button":1,"minecraft:wheat":405,"minecraft:crafting_table":1,"minecraft:wooden_pickaxe":1,"minecraft:iron_helmet":1,"minecraft:iron_sword":1,"minecraft:bread":139,"minecraft:air":0,"minecraft:iron_chestplate":1,"minecraft:shield":1,"minecraft:stick":28,"minecraft:iron_ingot":29,"minecraft:iron_pickaxe":1,"minecraft:iron_leggings":1,"minecraft:acacia_planks":76,"minecraft:torch":16},"minecraft:killed":{"minecraft:skeleton":1},"minecraft:picked_up":{"minecraft:iron_chestplate":2,"minecraft:wheat":13,"minecraft:chicken":5,"minecraft:wooden_pickaxe":2,"minecraft:shield":2,"minecraft:string":23,"minecraft:red_bed":4,"minecraft:iron_leggings":2,"minecraft:pufferfish":1,"minecraft:cobbled_deepslate":2,"minecraft:bucket":1,"minecraft:oak_boat":1,"minecraft:chest":1,"minecraft:egg":6,"minecraft:iron_boots":1,"minecraft:furnace":2,"minecraft:raw_iron":58,"minecraft:stick":19,"minecraft:oak_door":2,"minecraft:torch":39,"minecraft:acacia_log":19,"minecraft:orange_bed":1,"minecraft:stone_sword":1,"minecraft:rotten_flesh":4,"minecraft:arrow":7,"minecraft:stone_shovel":1,"minecraft:nether_bricks":25,"minecraft:hay_block":66,"minecraft:gold_ingot":3,"minecraft:blaze_rod":8,"minecraft:mutton":5,"minecraft:cobblestone":105,"minecraft:white_wool":1,"minecraft:oxeye_daisy":1,"minecraft:birch_log":5,"minecraft:feather":4,"minecraft:water_bucket":1,"minecraft:andesite":38,"minecraft:leather":6,"minecraft:oak_log":15,"minecraft:gunpowder":12,"minecraft:wooden_hoe":2,"minecraft:dirt":32,"minecraft:paper":4,"man:cassette_1safetyinstructions":3,"minecraft:name_tag":2,"minecraft:bone":10,"minecraft:acacia_planks":7,"minecraft:bow":1,"minecraft:wheat_seeds":151,"minecraft:iron_ingot":5,"minecraft:stone_pickaxe":3,"minecraft:glowstone_dust":3,"minecraft:oak_planks":17,"minecraft:iron_sword":1,"minecraft:acacia_sapling":2,"minecraft:dandelion":1,"minecraft:gravel":2,"minecraft:white_bed":1,"minecraft:stone_axe":1,"minecraft:iron_helmet":1,"minecraft:granite":1,"minecraft:golden_apple":1,"minecraft:bread":131,"minecraft:oak_button":1,"minecraft:oak_sapling":2,"minecraft:coal":19},"minecraft:mined":{"minecraft:acacia_log":19,"minecraft:grass_block":4,"minecraft:oxeye_daisy":1,"minecraft:hay_block":45,"minecraft:furnace":2,"minecraft:iron_ore":20,"minecraft:andesite":5,"minecraft:deepslate_iron_ore":4,"minecraft:stone":56,"minecraft:orange_bed":1,"minecraft:acacia_leaves":11,"minecraft:red_bed":3,"minecraft:soul_fire":6,"minecraft:dandelion":1,"minecraft:torch":6,"minecraft:chest":1,"minecraft:cobblestone":1,"minecraft:tall_grass":7,"minecraft:oak_planks":14,"minecraft:wall_torch":2,"minecraft:wheat":20,"minecraft:grass":152,"minecraft:coal_ore":8,"minecraft:oak_log":15,"minecraft:dirt":5,"minecraft:acacia_planks":5,"minecraft:oak_button":1,"minecraft:oak_leaves":1}},"DataVersion":3120}