{"stats":{"minecraft:broken":{"minecraft:stone_pickaxe":1},"minecraft:custom":{"minecraft:mob_kills":7,"minecraft:interact_with_crafting_table":28,"minecraft:bell_ring":5,"minecraft:leave_game":2,"minecraft:time_since_death":101505,"minecraft:climb_one_cm":17018,"minecraft:sprint_one_cm":291014,"minecraft:walk_one_cm":324596,"minecraft:damage_blocked_by_shield":259,"minecraft:drop":61,"minecraft:play_time":152931,"minecraft:deaths":1,"minecraft:sneak_time":4290,"minecraft:walk_under_water_one_cm":11355,"minecraft:jump":1814,"minecraft:enchant_item":2,"minecraft:walk_on_water_one_cm":10191,"minecraft:total_world_time":152931,"minecraft:interact_with_furnace":18,"minecraft:sleep_in_bed":8,"minecraft:time_since_rest":99322,"minecraft:damage_taken":1419,"minecraft:damage_dealt":1809,"minecraft:swim_one_cm":2327,"minecraft:fly_one_cm":270889,"minecraft:open_chest":23,"minecraft:crouch_one_cm":9663,"minecraft:fall_one_cm":38125},"minecraft:dropped":{"minecraft:water_bucket":1,"minecraft:bread":40,"minecraft:wheat_seeds":12,"minecraft:iron_helmet":1,"man:cassette_1safetyinstructions":2,"minecraft:leather":6,"minecraft:coal":3,"minecraft:golden_apple":1,"minecraft:stick":18,"minecraft:oxeye_daisy":1,"minecraft:dirt":14,"minecraft:wooden_hoe":2,"minecraft:mutton":5,"minecraft:paper":2,"minecraft:bucket":1,"minecraft:birch_log":5,"minecraft:white_wool":1,"minecraft:acacia_planks":1,"minecraft:dandelion":1,"minecraft:oak_door":2,"minecraft:stone_axe":1,"minecraft:stone_sword":1,"minecraft:blaze_rod":8,"minecraft:cobbled_deepslate":2,"minecraft:wheat":1,"minecraft:stone_shovel":1,"minecraft:chicken":5,"minecraft:rotten_flesh":2,"minecraft:oak_planks":1,"minecraft:white_bed":1,"minecraft:hay_block":20,"minecraft:gunpowder":1,"minecraft:oak_sapling":1,"minecraft:arrow":1,"minecraft:bow":1,"minecraft:stone_pickaxe":2,"minecraft:wooden_pickaxe":2,"minecraft:egg":3},"minecraft:used":{"minecraft:chest":1,"minecraft:shield":6,"minecraft:iron_sword":24,"minecraft:iron_chestplate":1,"minecraft:orange_bed":1,"minecraft:torch":19,"minecraft:dirt":8,"minecraft:nether_bricks":1,"minecraft:hay_block":2,"minecraft:furnace":2,"minecraft:egg":3,"minecraft:acacia_planks":51,"minecraft:iron_leggings":1,"minecraft:stone_pickaxe":117,"minecraft:oak_planks":64,"minecraft:wooden_pickaxe":3,"minecraft:crafting_table":1,"minecraft:red_bed":4,"minecraft:bread":32,"minecraft:oak_button":2,"minecraft:gravel":2,"minecraft:diamond_sword":19,"minecraft:cobblestone":60,"minecraft:andesite":8},"minecraft:crafted":{"minecraft:oak_planks":60,"minecraft:furnace":1,"minecraft:iron_boots":1,"minecraft:stone_pickaxe":1,"minecraft:oak_button":1,"minecraft:wheat":477,"minecraft:diamond_sword":1,"minecraft:crafting_table":1,"minecraft:wooden_pickaxe":1,"minecraft:iron_helmet":1,"minecraft:iron_sword":1,"minecraft:bread":163,"minecraft:air":0,"minecraft:iron_chestplate":1,"minecraft:shield":1,"minecraft:stick":28,"minecraft:iron_ingot":29,"minecraft:iron_pickaxe":1,"minecraft:iron_leggings":1,"minecraft:acacia_planks":76,"minecraft:torch":16},"minecraft:killed":{"minecraft:spider":1,"minecraft:skeleton":1,"minecraft:zombie":4},"minecraft:picked_up":{"minecraft:iron_chestplate":2,"minecraft:wheat":13,"minecraft:chicken":5,"minecraft:wooden_pickaxe":2,"minecraft:shield":2,"minecraft:string":24,"minecraft:red_bed":4,"minecraft:iron_leggings":2,"minecraft:pufferfish":1,"minecraft:cobbled_deepslate":2,"minecraft:bucket":1,"minecraft:oak_boat":1,"minecraft:chest":1,"minecraft:egg":7,"minecraft:iron_boots":1,"minecraft:furnace":2,"minecraft:raw_iron":58,"minecraft:stick":19,"minecraft:oak_door":2,"minecraft:torch":39,"minecraft:acacia_log":19,"minecraft:orange_bed":1,"minecraft:stone_sword":1,"minecraft:rotten_flesh":11,"minecraft:arrow":7,"minecraft:stone_shovel":1,"minecraft:nether_bricks":25,"minecraft:hay_block":75,"minecraft:gold_ingot":3,"minecraft:blaze_rod":8,"minecraft:mutton":5,"minecraft:cobblestone":105,"minecraft:white_wool":1,"minecraft:oxeye_daisy":1,"minecraft:birch_log":5,"minecraft:feather":4,"minecraft:water_bucket":1,"minecraft:andesite":38,"minecraft:leather":6,"minecraft:oak_log":15,"minecraft:gunpowder":12,"minecraft:lapis_lazuli":4,"minecraft:wooden_hoe":2,"minecraft:dirt":33,"minecraft:paper":4,"man:cassette_1safetyinstructions":3,"minecraft:name_tag":2,"minecraft:bone":10,"minecraft:acacia_planks":7,"minecraft:bow":1,"minecraft:wheat_seeds":151,"minecraft:iron_ingot":5,"minecraft:stone_pickaxe":3,"minecraft:glowstone_dust":3,"minecraft:oak_planks":17,"minecraft:iron_sword":1,"minecraft:acacia_sapling":2,"minecraft:dandelion":1,"minecraft:gravel":2,"minecraft:white_bed":1,"minecraft:spider_eye":1,"minecraft:diamond":5,"minecraft:stone_axe":1,"minecraft:iron_helmet":2,"minecraft:granite":1,"minecraft:golden_apple":1,"minecraft:bread":154,"minecraft:oak_button":1,"minecraft:oak_sapling":2,"minecraft:coal":19},"minecraft:mined":{"minecraft:acacia_log":19,"minecraft:grass_block":5,"minecraft:oxeye_daisy":1,"minecraft:hay_block":54,"minecraft:furnace":2,"minecraft:iron_ore":20,"minecraft:andesite":5,"minecraft:deepslate_iron_ore":4,"minecraft:stone":56,"minecraft:orange_bed":1,"minecraft:acacia_leaves":11,"minecraft:red_bed":3,"minecraft:soul_fire":6,"minecraft:dandelion":1,"minecraft:torch":6,"minecraft:chest":1,"minecraft:cobblestone":1,"minecraft:tall_grass":7,"minecraft:oak_planks":14,"minecraft:wall_torch":2,"minecraft:wheat":20,"minecraft:grass":155,"minecraft:coal_ore":8,"minecraft:oak_log":15,"minecraft:dirt":8,"minecraft:acacia_planks":5,"minecraft:oak_button":1,"minecraft:oak_leaves":1}},"DataVersion":3120}