{"stats":{"minecraft:dropped":{"man:cassette_1safetyinstructions":1},"minecraft:custom":{"minecraft:jump":39,"minecraft:time_since_rest":1426,"minecraft:crouch_one_cm":50,"minecraft:sprint_one_cm":8581,"minecraft:leave_game":1,"minecraft:play_time":3005,"minecraft:walk_on_water_one_cm":508,"minecraft:time_since_death":3005,"minecraft:walk_one_cm":6193,"minecraft:sleep_in_bed":1,"minecraft:sneak_time":5,"minecraft:total_world_time":3005,"minecraft:walk_under_water_one_cm":234,"minecraft:drop":1,"minecraft:fall_one_cm":476,"minecraft:fly_one_cm":10690},"minecraft:picked_up":{"man:cassette_1safetyinstructions":1,"minecraft:orange_bed":1,"minecraft:wheat_seeds":5,"minecraft:hay_block":16},"minecraft:mined":{"minecraft:grass":4,"minecraft:hay_block":16,"minecraft:orange_bed":1}},"DataVersion":3120}