{"stats":{"minecraft:dropped":{"minecraft:wooden_hoe":1,"man:cassette_1safetyinstructions":2,"minecraft:wooden_pickaxe":1,"minecraft:paper":2},"minecraft:custom":{"minecraft:time_since_rest":13426,"minecraft:sprint_one_cm":65936,"minecraft:damage_taken":30,"minecraft:walk_one_cm":46242,"minecraft:drop":6,"minecraft:damage_dealt":84,"minecraft:interact_with_crafting_table":6,"minecraft:fly_one_cm":44912,"minecraft:open_chest":1,"minecraft:crouch_one_cm":365,"minecraft:play_time":15005,"minecraft:sneak_time":317,"minecraft:walk_under_water_one_cm":416,"minecraft:jump":257,"minecraft:leave_game":1,"minecraft:walk_on_water_one_cm":1154,"minecraft:time_since_death":15005,"minecraft:sleep_in_bed":1,"minecraft:total_world_time":15005,"minecraft:fall_one_cm":3773},"minecraft:crafted":{"minecraft:stick":8,"minecraft:wooden_pickaxe":1,"minecraft:stone_pickaxe":1,"minecraft:acacia_planks":20,"minecraft:torch":16,"minecraft:bread":139,"minecraft:wheat":405},"minecraft:used":{"minecraft:bread":2,"minecraft:stone_pickaxe":28,"minecraft:wooden_pickaxe":3,"minecraft:torch":1,"minecraft:orange_bed":1,"minecraft:dirt":1,"minecraft:cobblestone":3},"minecraft:picked_up":{"minecraft:raw_iron":3,"minecraft:wheat":13,"minecraft:acacia_log":5,"minecraft:wooden_hoe":1,"minecraft:dirt":2,"minecraft:red_bed":1,"man:cassette_1safetyinstructions":1,"minecraft:orange_bed":1,"minecraft:rotten_flesh":2,"minecraft:wheat_seeds":61,"minecraft:hay_block":45,"minecraft:oak_sapling":1,"minecraft:coal":5,"minecraft:cobblestone":17},"minecraft:mined":{"minecraft:hay_block":45,"minecraft:acacia_leaves":1,"minecraft:red_bed":1,"minecraft:iron_ore":5,"minecraft:wheat":20,"minecraft:grass":44,"minecraft:acacia_log":5,"minecraft:grass_block":2,"minecraft:coal_ore":5,"minecraft:tall_grass":1,"minecraft:stone":19,"minecraft:orange_bed":1}},"DataVersion":3120}