{"stats":{"minecraft:custom":{"minecraft:interact_with_furnace":3,"minecraft:mob_kills":1,"minecraft:interact_with_crafting_table":9,"minecraft:leave_game":2,"minecraft:time_since_death":44369,"minecraft:sleep_in_bed":6,"minecraft:climb_one_cm":2992,"minecraft:time_since_rest":5730,"minecraft:sprint_one_cm":132897,"minecraft:damage_taken":420,"minecraft:walk_one_cm":131865,"minecraft:drop":47,"minecraft:damage_dealt":262,"minecraft:fly_one_cm":87553,"minecraft:open_chest":1,"minecraft:crouch_one_cm":5930,"minecraft:play_time":44369,"minecraft:sneak_time":2031,"minecraft:walk_under_water_one_cm":5278,"minecraft:jump":566,"minecraft:walk_on_water_one_cm":5966,"minecraft:total_world_time":44369,"minecraft:fall_one_cm":14149},"minecraft:dropped":{"minecraft:oak_door":2,"minecraft:water_bucket":1,"minecraft:bread":40,"minecraft:stone_axe":1,"minecraft:wheat_seeds":12,"minecraft:wheat":1,"minecraft:stone_shovel":1,"minecraft:chicken":5,"man:cassette_1safetyinstructions":2,"minecraft:leather":6,"minecraft:white_bed":1,"minecraft:coal":3,"minecraft:stick":1,"minecraft:dirt":14,"minecraft:hay_block":20,"minecraft:gunpowder":1,"minecraft:wooden_hoe":2,"minecraft:mutton":5,"minecraft:oak_sapling":1,"minecraft:bow":1,"minecraft:arrow":1,"minecraft:stone_pickaxe":1,"minecraft:wooden_pickaxe":2,"minecraft:paper":2,"minecraft:white_wool":1,"minecraft:acacia_planks":1,"minecraft:egg":3},"minecraft:used":{"minecraft:stone_pickaxe":101,"minecraft:oak_planks":64,"minecraft:wooden_pickaxe":3,"minecraft:orange_bed":1,"minecraft:torch":9,"minecraft:dirt":8,"minecraft:crafting_table":1,"minecraft:red_bed":4,"minecraft:bread":11,"minecraft:cobblestone":46,"minecraft:hay_block":1,"minecraft:furnace":1,"minecraft:acacia_planks":51},"minecraft:crafted":{"minecraft:oak_planks":60,"minecraft:crafting_table":1,"minecraft:wooden_pickaxe":1,"minecraft:furnace":1,"minecraft:bread":139,"minecraft:stick":8,"minecraft:stone_pickaxe":1,"minecraft:acacia_planks":52,"minecraft:torch":16,"minecraft:wheat":405},"minecraft:picked_up":{"minecraft:wheat":13,"minecraft:feather":2,"minecraft:chicken":5,"minecraft:water_bucket":1,"minecraft:andesite":5,"minecraft:leather":6,"minecraft:wooden_pickaxe":1,"minecraft:oak_log":15,"minecraft:gunpowder":1,"minecraft:wooden_hoe":2,"minecraft:red_bed":4,"minecraft:dirt":22,"minecraft:paper":2,"man:cassette_1safetyinstructions":2,"minecraft:bone":2,"minecraft:acacia_planks":7,"minecraft:bow":1,"minecraft:wheat_seeds":76,"minecraft:stone_pickaxe":1,"minecraft:acacia_sapling":2,"minecraft:oak_planks":8,"minecraft:egg":4,"minecraft:stick":2,"minecraft:raw_iron":30,"minecraft:oak_door":2,"minecraft:torch":16,"minecraft:acacia_log":13,"minecraft:gravel":2,"minecraft:white_bed":1,"minecraft:orange_bed":1,"minecraft:arrow":1,"minecraft:rotten_flesh":2,"minecraft:stone_shovel":1,"minecraft:stone_axe":1,"minecraft:hay_block":66,"minecraft:bread":34,"minecraft:oak_sapling":2,"minecraft:mutton":5,"minecraft:cobblestone":58,"minecraft:coal":11,"minecraft:white_wool":1},"minecraft:mined":{"minecraft:acacia_leaves":7,"minecraft:red_bed":3,"minecraft:torch":5,"minecraft:acacia_log":13,"minecraft:grass_block":4,"minecraft:cobblestone":1,"minecraft:tall_grass":1,"minecraft:oak_planks":6,"minecraft:hay_block":45,"minecraft:iron_ore":20,"minecraft:wheat":20,"minecraft:grass":47,"minecraft:oak_log":15,"minecraft:coal_ore":8,"minecraft:deepslate_iron_ore":4,"minecraft:dirt":5,"minecraft:acacia_planks":5,"minecraft:stone":55,"minecraft:oak_leaves":1,"minecraft:orange_bed":1}},"DataVersion":3120}