{"stats":{"minecraft:custom":{"minecraft:interact_with_furnace":1,"minecraft:mob_kills":1,"minecraft:interact_with_crafting_table":7,"minecraft:leave_game":1,"minecraft:time_since_death":27005,"minecraft:sleep_in_bed":5,"minecraft:time_since_rest":5479,"minecraft:sprint_one_cm":96472,"minecraft:damage_taken":250,"minecraft:walk_one_cm":91028,"minecraft:drop":46,"minecraft:damage_dealt":231,"minecraft:fly_one_cm":68356,"minecraft:open_chest":1,"minecraft:crouch_one_cm":1366,"minecraft:play_time":27005,"minecraft:sneak_time":674,"minecraft:walk_under_water_one_cm":416,"minecraft:jump":372,"minecraft:walk_on_water_one_cm":1154,"minecraft:total_world_time":27005,"minecraft:fall_one_cm":7281},"minecraft:dropped":{"minecraft:oak_door":2,"minecraft:water_bucket":1,"minecraft:bread":40,"minecraft:stone_axe":1,"minecraft:wheat_seeds":12,"minecraft:wheat":1,"minecraft:stone_shovel":1,"minecraft:chicken":5,"man:cassette_1safetyinstructions":2,"minecraft:leather":6,"minecraft:white_bed":1,"minecraft:coal":3,"minecraft:dirt":14,"minecraft:hay_block":20,"minecraft:gunpowder":1,"minecraft:wooden_hoe":2,"minecraft:mutton":5,"minecraft:oak_sapling":1,"minecraft:bow":1,"minecraft:arrow":1,"minecraft:stone_pickaxe":1,"minecraft:wooden_pickaxe":2,"minecraft:paper":2,"minecraft:white_wool":1,"minecraft:acacia_planks":1,"minecraft:egg":3},"minecraft:crafted":{"minecraft:wooden_pickaxe":1,"minecraft:bread":139,"minecraft:stick":8,"minecraft:stone_pickaxe":1,"minecraft:acacia_planks":52,"minecraft:torch":16,"minecraft:wheat":405},"minecraft:used":{"minecraft:stone_pickaxe":33,"minecraft:oak_planks":2,"minecraft:wooden_pickaxe":3,"minecraft:orange_bed":1,"minecraft:torch":7,"minecraft:dirt":1,"minecraft:red_bed":3,"minecraft:bread":5,"minecraft:cobblestone":4,"minecraft:hay_block":1,"minecraft:acacia_planks":32},"minecraft:picked_up":{"minecraft:wheat":13,"minecraft:feather":2,"minecraft:chicken":5,"minecraft:water_bucket":1,"minecraft:leather":6,"minecraft:wooden_pickaxe":1,"minecraft:gunpowder":1,"minecraft:wooden_hoe":2,"minecraft:red_bed":3,"minecraft:dirt":15,"minecraft:paper":2,"man:cassette_1safetyinstructions":2,"minecraft:bone":2,"minecraft:acacia_planks":5,"minecraft:bow":1,"minecraft:wheat_seeds":76,"minecraft:stone_pickaxe":1,"minecraft:oak_planks":2,"minecraft:egg":4,"minecraft:raw_iron":9,"minecraft:oak_door":2,"minecraft:torch":15,"minecraft:acacia_log":13,"minecraft:white_bed":1,"minecraft:orange_bed":1,"minecraft:arrow":1,"minecraft:rotten_flesh":2,"minecraft:stone_shovel":1,"minecraft:stone_axe":1,"minecraft:hay_block":66,"minecraft:bread":34,"minecraft:oak_sapling":1,"minecraft:mutton":5,"minecraft:cobblestone":17,"minecraft:coal":8,"minecraft:white_wool":1},"minecraft:mined":{"minecraft:acacia_leaves":7,"minecraft:red_bed":2,"minecraft:torch":3,"minecraft:acacia_log":13,"minecraft:grass_block":2,"minecraft:tall_grass":1,"minecraft:hay_block":45,"minecraft:iron_ore":5,"minecraft:wheat":20,"minecraft:grass":46,"minecraft:coal_ore":5,"minecraft:acacia_planks":1,"minecraft:stone":19,"minecraft:orange_bed":1}},"DataVersion":3120}