{"stats":{"minecraft:broken":{"minecraft:stone_pickaxe":1},"minecraft:custom":{"minecraft:interact_with_furnace":17,"minecraft:mob_kills":1,"minecraft:interact_with_crafting_table":25,"minecraft:leave_game":2,"minecraft:time_since_death":41505,"minecraft:sleep_in_bed":8,"minecraft:climb_one_cm":8888,"minecraft:time_since_rest":39322,"minecraft:sprint_one_cm":208567,"minecraft:damage_taken":1018,"minecraft:walk_one_cm":223440,"minecraft:damage_blocked_by_shield":19,"minecraft:drop":49,"minecraft:damage_dealt":584,"minecraft:swim_one_cm":2327,"minecraft:fly_one_cm":185591,"minecraft:open_chest":5,"minecraft:crouch_one_cm":8697,"minecraft:play_time":92931,"minecraft:deaths":1,"minecraft:sneak_time":3905,"minecraft:walk_under_water_one_cm":11355,"minecraft:jump":1209,"minecraft:walk_on_water_one_cm":8722,"minecraft:total_world_time":92931,"minecraft:fall_one_cm":28455},"minecraft:dropped":{"minecraft:oak_door":2,"minecraft:water_bucket":1,"minecraft:bread":40,"minecraft:stone_axe":1,"minecraft:wheat_seeds":12,"minecraft:wheat":1,"minecraft:stone_shovel":1,"minecraft:chicken":5,"minecraft:rotten_flesh":1,"man:cassette_1safetyinstructions":2,"minecraft:leather":6,"minecraft:white_bed":1,"minecraft:coal":3,"minecraft:stick":1,"minecraft:oxeye_daisy":1,"minecraft:dirt":14,"minecraft:hay_block":20,"minecraft:gunpowder":1,"minecraft:wooden_hoe":2,"minecraft:mutton":5,"minecraft:oak_sapling":1,"minecraft:bow":1,"minecraft:arrow":1,"minecraft:wooden_pickaxe":2,"minecraft:stone_pickaxe":1,"minecraft:paper":2,"minecraft:white_wool":1,"minecraft:acacia_planks":1,"minecraft:egg":3},"minecraft:used":{"minecraft:stone_pickaxe":117,"minecraft:oak_planks":64,"minecraft:chest":1,"minecraft:shield":1,"minecraft:wooden_pickaxe":3,"minecraft:iron_sword":20,"minecraft:iron_chestplate":1,"minecraft:orange_bed":1,"minecraft:torch":14,"minecraft:dirt":8,"minecraft:crafting_table":1,"minecraft:red_bed":4,"minecraft:oak_button":2,"minecraft:bread":21,"minecraft:gravel":2,"minecraft:cobblestone":60,"minecraft:hay_block":1,"minecraft:furnace":2,"minecraft:andesite":8,"minecraft:egg":1,"minecraft:acacia_planks":51,"minecraft:iron_leggings":1},"minecraft:crafted":{"minecraft:oak_planks":60,"minecraft:crafting_table":1,"minecraft:iron_helmet":1,"minecraft:wooden_pickaxe":1,"minecraft:iron_sword":1,"minecraft:furnace":1,"minecraft:bread":139,"minecraft:air":0,"minecraft:iron_boots":1,"minecraft:iron_chestplate":1,"minecraft:shield":1,"minecraft:stick":28,"minecraft:iron_ingot":29,"minecraft:iron_pickaxe":1,"minecraft:stone_pickaxe":1,"minecraft:oak_button":1,"minecraft:iron_leggings":1,"minecraft:acacia_planks":76,"minecraft:torch":16,"minecraft:wheat":405},"minecraft:picked_up":{"minecraft:iron_chestplate":1,"minecraft:wheat":13,"minecraft:feather":4,"minecraft:chicken":5,"minecraft:water_bucket":1,"minecraft:andesite":38,"minecraft:leather":6,"minecraft:wooden_pickaxe":2,"minecraft:oak_log":15,"minecraft:shield":1,"minecraft:gunpowder":1,"minecraft:paper":4,"minecraft:wooden_hoe":2,"minecraft:dirt":32,"minecraft:red_bed":4,"man:cassette_1safetyinstructions":3,"minecraft:iron_leggings":1,"minecraft:pufferfish":1,"minecraft:bone":4,"minecraft:acacia_planks":7,"minecraft:bow":1,"minecraft:wheat_seeds":151,"minecraft:iron_ingot":2,"minecraft:stone_pickaxe":2,"minecraft:chest":1,"minecraft:acacia_sapling":2,"minecraft:oak_planks":16,"minecraft:furnace":2,"minecraft:egg":5,"minecraft:stick":2,"minecraft:raw_iron":56,"minecraft:oak_door":2,"minecraft:dandelion":1,"minecraft:torch":34,"minecraft:acacia_log":19,"minecraft:gravel":2,"minecraft:white_bed":1,"minecraft:orange_bed":1,"minecraft:arrow":1,"minecraft:stone_shovel":1,"minecraft:rotten_flesh":4,"minecraft:stone_axe":1,"minecraft:hay_block":66,"minecraft:oak_button":1,"minecraft:bread":124,"minecraft:oak_sapling":2,"minecraft:mutton":5,"minecraft:coal":14,"minecraft:white_wool":1,"minecraft:cobblestone":105,"minecraft:oxeye_daisy":1},"minecraft:mined":{"minecraft:acacia_leaves":11,"minecraft:red_bed":3,"minecraft:dandelion":1,"minecraft:torch":5,"minecraft:acacia_log":19,"minecraft:grass_block":4,"minecraft:chest":1,"minecraft:tall_grass":7,"minecraft:cobblestone":1,"minecraft:oak_planks":14,"minecraft:oxeye_daisy":1,"minecraft:hay_block":45,"minecraft:furnace":2,"minecraft:iron_ore":20,"minecraft:wheat":20,"minecraft:andesite":5,"minecraft:grass":152,"minecraft:oak_log":15,"minecraft:coal_ore":8,"minecraft:deepslate_iron_ore":4,"minecraft:dirt":5,"minecraft:acacia_planks":5,"minecraft:oak_button":1,"minecraft:stone":56,"minecraft:oak_leaves":1,"minecraft:orange_bed":1}},"DataVersion":3120}