{"stats":{"minecraft:dropped":{"minecraft:wooden_hoe":1},"minecraft:custom":{"minecraft:time_since_rest":13426,"minecraft:sprint_one_cm":37873,"minecraft:damage_taken":124,"minecraft:walk_one_cm":40358,"minecraft:mob_kills":5,"minecraft:drop":1,"minecraft:damage_dealt":490,"minecraft:interact_with_crafting_table":4,"minecraft:fly_one_cm":38917,"minecraft:open_chest":2,"minecraft:crouch_one_cm":2425,"minecraft:play_time":14846,"minecraft:sneak_time":679,"minecraft:walk_under_water_one_cm":1385,"minecraft:jump":227,"minecraft:walk_on_water_one_cm":1610,"minecraft:time_since_death":14846,"minecraft:sleep_in_bed":1,"minecraft:total_world_time":14846,"minecraft:fall_one_cm":4281},"minecraft:crafted":{"minecraft:wooden_hoe":1,"minecraft:crafting_table":1,"minecraft:stick":8,"minecraft:wooden_pickaxe":1,"minecraft:stone_pickaxe":1,"minecraft:acacia_planks":16,"minecraft:stone_axe":1},"minecraft:used":{"minecraft:water_bucket":2,"minecraft:stone_pickaxe":24,"minecraft:bread":2,"minecraft:wooden_pickaxe":3,"minecraft:stone_axe":20,"minecraft:crafting_table":1,"minecraft:bucket":3},"minecraft:picked_up":{"minecraft:raw_iron":6,"minecraft:leather":6,"minecraft:acacia_log":4,"minecraft:oak_log":11,"minecraft:wooden_hoe":1,"minecraft:paper":2,"man:cassette_1safetyinstructions":1,"minecraft:wheat_seeds":3,"minecraft:hay_block":45,"minecraft:beef":7,"minecraft:mutton":1,"minecraft:coal":8,"minecraft:white_wool":1,"minecraft:cobblestone":15},"minecraft:killed":{"minecraft:sheep":1,"minecraft:cow":4},"minecraft:mined":{"minecraft:hay_block":46,"minecraft:iron_ore":5,"minecraft:grass":10,"minecraft:acacia_log":4,"minecraft:oak_log":11,"minecraft:coal_ore":8,"minecraft:tall_grass":2,"minecraft:stone":14,"minecraft:oak_leaves":1}},"DataVersion":3120}