{"stats":{"minecraft:custom":{"minecraft:mob_kills":26,"minecraft:interact_with_crafting_table":21,"minecraft:leave_game":1,"minecraft:time_since_death":26530,"minecraft:climb_one_cm":9823,"minecraft:sprint_one_cm":240774,"minecraft:walk_one_cm":165566,"minecraft:drop":27,"minecraft:play_time":74678,"minecraft:deaths":5,"minecraft:sneak_time":10501,"minecraft:walk_under_water_one_cm":10089,"minecraft:jump":1477,"minecraft:walk_on_water_one_cm":14232,"minecraft:total_world_time":74678,"minecraft:interact_with_furnace":3,"minecraft:sleep_in_bed":5,"minecraft:time_since_rest":26554,"minecraft:damage_taken":2063,"minecraft:damage_dealt":3000,"minecraft:swim_one_cm":7035,"minecraft:fly_one_cm":291084,"minecraft:open_chest":6,"minecraft:crouch_one_cm":14825,"minecraft:fish_caught":10,"minecraft:fall_one_cm":45073},"minecraft:dropped":{"minecraft:iron_ingot":1,"minecraft:bread":90,"minecraft:wheat_seeds":65,"minecraft:feather":2,"minecraft:cobblestone":82,"man:cassette_1safetyinstructions":1,"minecraft:coal":3,"minecraft:pufferfish":1,"minecraft:dirt":10,"minecraft:wooden_hoe":1,"minecraft:torch":18,"minecraft:iron_leggings":1,"minecraft:paper":2,"minecraft:bone":2,"minecraft:furnace":1,"minecraft:raw_iron":26,"minecraft:shield":1,"minecraft:iron_chestplate":1,"minecraft:andesite":28,"minecraft:stone_pickaxe":2,"minecraft:wooden_pickaxe":1,"minecraft:egg":1},"minecraft:crafted":{"minecraft:oak_door":3,"minecraft:oak_planks":96,"minecraft:stone_shovel":1,"minecraft:fishing_rod":1,"minecraft:furnace":2,"minecraft:oak_trapdoor":2,"minecraft:ladder":24,"minecraft:stone_pickaxe":2,"minecraft:chest":2,"minecraft:oak_fence":6,"minecraft:wheat":45,"minecraft:crafting_table":5,"minecraft:wooden_pickaxe":2,"minecraft:stone_axe":2,"minecraft:bread":15,"minecraft:wooden_hoe":1,"minecraft:stick":96,"minecraft:white_bed":1,"minecraft:acacia_planks":68,"minecraft:torch":28},"minecraft:used":{"minecraft:oak_trapdoor":1,"minecraft:oak_fence":6,"minecraft:acacia_log":2,"minecraft:stone_shovel":13,"minecraft:ladder":25,"minecraft:chest":1,"minecraft:oak_door":2,"minecraft:orange_bed":2,"minecraft:torch":19,"minecraft:dirt":14,"minecraft:lava_bucket":3,"minecraft:bow":4,"minecraft:hay_block":25,"minecraft:furnace":2,"minecraft:egg":2,"minecraft:acacia_planks":1,"minecraft:golden_boots":1,"minecraft:water_bucket":13,"minecraft:stone_pickaxe":209,"minecraft:oak_planks":44,"minecraft:wooden_pickaxe":6,"minecraft:white_wool":1,"minecraft:crafting_table":5,"minecraft:white_bed":1,"minecraft:bread":22,"minecraft:gravel":2,"minecraft:stone_axe":130,"minecraft:fishing_rod":19,"minecraft:fire_charge":1,"minecraft:cobblestone":53,"minecraft:bucket":16,"minecraft:andesite":5},"minecraft:killed":{"minecraft:spider":2,"minecraft:skeleton":3,"minecraft:chicken":5,"minecraft:pig":1,"minecraft:creeper":5,"minecraft:sheep":4,"minecraft:zombie":2,"minecraft:cow":4},"minecraft:picked_up":{"minecraft:iron_chestplate":1,"minecraft:wheat":2,"minecraft:chicken":15,"minecraft:ladder":23,"minecraft:wooden_pickaxe":2,"minecraft:shield":1,"minecraft:string":3,"minecraft:iron_leggings":1,"minecraft:pufferfish":1,"minecraft:cobbled_deepslate":4,"minecraft:light_weighted_pressure_plate":1,"minecraft:beef":7,"minecraft:sugar_cane":12,"minecraft:egg":12,"minecraft:furnace":2,"minecraft:raw_iron":39,"minecraft:stick":18,"minecraft:oak_door":5,"minecraft:torch":43,"minecraft:acacia_log":19,"minecraft:porkchop":3,"minecraft:orange_bed":2,"minecraft:arrow":6,"minecraft:stone_shovel":3,"minecraft:rotten_flesh":6,"minecraft:hay_block":92,"minecraft:mutton":15,"minecraft:white_wool":5,"minecraft:cod":9,"minecraft:cobblestone":175,"minecraft:birch_log":5,"minecraft:feather":4,"minecraft:water_bucket":2,"minecraft:andesite":33,"minecraft:leather":18,"minecraft:flint":6,"minecraft:oak_log":33,"minecraft:golden_boots":1,"minecraft:gunpowder":5,"minecraft:wooden_hoe":4,"minecraft:dirt":37,"minecraft:paper":4,"man:cassette_1safetyinstructions":2,"minecraft:bone":6,"minecraft:acacia_planks":6,"minecraft:apple":2,"minecraft:bow":2,"minecraft:wheat_seeds":93,"minecraft:stone_pickaxe":5,"minecraft:iron_ingot":1,"minecraft:bamboo":6,"minecraft:oak_planks":5,"minecraft:acacia_sapling":2,"minecraft:soul_sand":4,"minecraft:gravel":2,"minecraft:white_bed":3,"minecraft:spider_eye":1,"minecraft:stone_axe":3,"minecraft:golden_horse_armor":1,"minecraft:bread":208,"minecraft:oak_sapling":9,"minecraft:coal":17},"minecraft:killed_by":{"minecraft:creeper":1,"man:managgresive":1,"minecraft:skeleton":2,"minecraft:zombie":1},"minecraft:mined":{"minecraft:white_bed":1,"minecraft:acacia_log":19,"minecraft:grass_block":13,"minecraft:hay_block":53,"minecraft:iron_ore":14,"minecraft:andesite":36,"minecraft:bamboo":1,"minecraft:stone":125,"minecraft:orange_bed":2,"minecraft:acacia_leaves":1,"minecraft:soul_sand":2,"minecraft:tall_grass":11,"minecraft:cobblestone":9,"minecraft:oak_planks":5,"minecraft:sugar_cane":6,"minecraft:birch_log":5,"minecraft:grass":27,"minecraft:coal_ore":14,"minecraft:oak_log":33,"minecraft:dirt":11,"minecraft:gravel":4,"minecraft:acacia_planks":1,"minecraft:oak_leaves":20}},"DataVersion":3120}