{"stats":{"minecraft:dropped":{"minecraft:wooden_hoe":1},"minecraft:custom":{"minecraft:interact_with_furnace":1,"minecraft:mob_kills":14,"minecraft:interact_with_crafting_table":10,"minecraft:leave_game":1,"minecraft:time_since_death":5910,"minecraft:sleep_in_bed":4,"minecraft:time_since_rest":5311,"minecraft:sprint_one_cm":67881,"minecraft:damage_taken":349,"minecraft:walk_one_cm":80694,"minecraft:drop":1,"minecraft:damage_dealt":1130,"minecraft:fly_one_cm":89012,"minecraft:open_chest":4,"minecraft:crouch_one_cm":6778,"minecraft:play_time":26678,"minecraft:deaths":1,"minecraft:sneak_time":1754,"minecraft:walk_under_water_one_cm":1385,"minecraft:jump":453,"minecraft:walk_on_water_one_cm":3916,"minecraft:total_world_time":26678,"minecraft:fall_one_cm":9833},"minecraft:crafted":{"minecraft:oak_door":3,"minecraft:oak_planks":60,"minecraft:stone_shovel":1,"minecraft:crafting_table":2,"minecraft:wooden_pickaxe":1,"minecraft:furnace":1,"minecraft:stone_axe":1,"minecraft:bread":15,"minecraft:wooden_hoe":1,"minecraft:stick":16,"minecraft:stone_pickaxe":1,"minecraft:white_bed":1,"minecraft:acacia_planks":16,"minecraft:torch":16,"minecraft:oak_fence":3,"minecraft:wheat":45},"minecraft:used":{"minecraft:golden_boots":1,"minecraft:oak_fence":3,"minecraft:water_bucket":6,"minecraft:acacia_log":2,"minecraft:stone_shovel":13,"minecraft:stone_pickaxe":24,"minecraft:oak_planks":40,"minecraft:wooden_pickaxe":3,"minecraft:oak_door":2,"minecraft:white_wool":1,"minecraft:torch":4,"minecraft:dirt":14,"minecraft:crafting_table":2,"minecraft:white_bed":1,"minecraft:lava_bucket":3,"minecraft:bread":5,"minecraft:stone_axe":55,"minecraft:fire_charge":1,"minecraft:hay_block":23,"minecraft:furnace":1,"minecraft:bucket":10},"minecraft:killed":{"minecraft:creeper":1,"minecraft:sheep":4,"minecraft:chicken":5,"minecraft:cow":4},"minecraft:picked_up":{"minecraft:wheat":1,"minecraft:feather":2,"minecraft:chicken":10,"minecraft:water_bucket":1,"minecraft:leather":12,"minecraft:wooden_pickaxe":1,"minecraft:oak_log":15,"minecraft:gunpowder":2,"minecraft:wooden_hoe":2,"minecraft:dirt":27,"minecraft:paper":2,"man:cassette_1safetyinstructions":1,"minecraft:acacia_planks":1,"minecraft:bow":1,"minecraft:wheat_seeds":16,"minecraft:beef":7,"minecraft:stone_pickaxe":1,"minecraft:oak_planks":3,"minecraft:soul_sand":2,"minecraft:egg":6,"minecraft:raw_iron":6,"minecraft:oak_door":3,"minecraft:acacia_log":11,"minecraft:white_bed":2,"minecraft:arrow":1,"minecraft:stone_shovel":1,"minecraft:stone_axe":1,"minecraft:hay_block":69,"minecraft:bread":40,"minecraft:oak_sapling":1,"minecraft:mutton":10,"minecraft:coal":11,"minecraft:cobblestone":15,"minecraft:white_wool":5},"minecraft:killed_by":{"man:managgresive":1},"minecraft:mined":{"minecraft:acacia_leaves":1,"minecraft:white_bed":1,"minecraft:soul_sand":2,"minecraft:acacia_log":12,"minecraft:grass_block":13,"minecraft:tall_grass":2,"minecraft:oak_planks":3,"minecraft:hay_block":50,"minecraft:iron_ore":5,"minecraft:grass":17,"minecraft:oak_log":15,"minecraft:coal_ore":8,"minecraft:dirt":1,"minecraft:stone":14,"minecraft:oak_leaves":7}},"DataVersion":3120}