{"stats":{"minecraft:dropped":{"minecraft:cobblestone":36,"minecraft:wooden_hoe":1},"minecraft:custom":{"minecraft:interact_with_furnace":1,"minecraft:mob_kills":16,"minecraft:interact_with_crafting_table":12,"minecraft:leave_game":1,"minecraft:time_since_death":8334,"minecraft:sleep_in_bed":5,"minecraft:climb_one_cm":3858,"minecraft:time_since_rest":366,"minecraft:sprint_one_cm":90216,"minecraft:damage_taken":1008,"minecraft:walk_one_cm":104678,"minecraft:drop":2,"minecraft:damage_dealt":1531,"minecraft:fly_one_cm":111427,"minecraft:open_chest":4,"minecraft:crouch_one_cm":9864,"minecraft:play_time":38678,"minecraft:deaths":3,"minecraft:sneak_time":3922,"minecraft:walk_under_water_one_cm":5614,"minecraft:jump":656,"minecraft:walk_on_water_one_cm":8469,"minecraft:total_world_time":38678,"minecraft:fall_one_cm":14434},"minecraft:crafted":{"minecraft:oak_door":3,"minecraft:oak_planks":60,"minecraft:stone_shovel":1,"minecraft:crafting_table":3,"minecraft:wooden_pickaxe":1,"minecraft:furnace":1,"minecraft:stone_axe":1,"minecraft:bread":15,"minecraft:wooden_hoe":1,"minecraft:ladder":24,"minecraft:stick":88,"minecraft:stone_pickaxe":1,"minecraft:white_bed":1,"minecraft:acacia_planks":56,"minecraft:torch":28,"minecraft:oak_fence":3,"minecraft:wheat":45},"minecraft:used":{"minecraft:golden_boots":1,"minecraft:oak_fence":3,"minecraft:water_bucket":8,"minecraft:acacia_log":2,"minecraft:stone_shovel":13,"minecraft:stone_pickaxe":82,"minecraft:ladder":23,"minecraft:oak_planks":41,"minecraft:wooden_pickaxe":3,"minecraft:orange_bed":2,"minecraft:oak_door":2,"minecraft:white_wool":1,"minecraft:torch":9,"minecraft:dirt":14,"minecraft:crafting_table":3,"minecraft:white_bed":1,"minecraft:lava_bucket":3,"minecraft:bread":8,"minecraft:gravel":2,"minecraft:stone_axe":65,"minecraft:fire_charge":1,"minecraft:cobblestone":45,"minecraft:bow":2,"minecraft:hay_block":25,"minecraft:furnace":1,"minecraft:andesite":5,"minecraft:bucket":12},"minecraft:killed":{"minecraft:creeper":1,"minecraft:sheep":4,"minecraft:skeleton":2,"minecraft:chicken":5,"minecraft:cow":4},"minecraft:picked_up":{"minecraft:wheat":2,"minecraft:feather":2,"minecraft:ladder":19,"minecraft:chicken":15,"minecraft:water_bucket":2,"minecraft:andesite":5,"minecraft:leather":18,"minecraft:wooden_pickaxe":2,"minecraft:flint":6,"minecraft:oak_log":15,"minecraft:golden_boots":1,"minecraft:gunpowder":4,"minecraft:wooden_hoe":4,"minecraft:dirt":27,"minecraft:paper":2,"man:cassette_1safetyinstructions":1,"minecraft:bone":3,"minecraft:acacia_planks":6,"minecraft:bow":2,"minecraft:wheat_seeds":28,"minecraft:light_weighted_pressure_plate":1,"minecraft:beef":7,"minecraft:stone_pickaxe":3,"minecraft:oak_planks":4,"minecraft:soul_sand":4,"minecraft:egg":9,"minecraft:stick":13,"minecraft:raw_iron":6,"minecraft:oak_door":5,"minecraft:torch":24,"minecraft:acacia_log":16,"minecraft:gravel":2,"minecraft:white_bed":3,"minecraft:orange_bed":2,"minecraft:arrow":4,"minecraft:stone_shovel":3,"minecraft:stone_axe":3,"minecraft:hay_block":91,"minecraft:golden_horse_armor":1,"minecraft:bread":86,"minecraft:oak_sapling":2,"minecraft:mutton":15,"minecraft:coal":14,"minecraft:cobblestone":107,"minecraft:white_wool":5},"minecraft:killed_by":{"man:managgresive":1,"minecraft:skeleton":2},"minecraft:mined":{"minecraft:acacia_leaves":1,"minecraft:white_bed":1,"minecraft:soul_sand":2,"minecraft:acacia_log":16,"minecraft:grass_block":13,"minecraft:tall_grass":2,"minecraft:oak_planks":5,"minecraft:hay_block":52,"minecraft:iron_ore":5,"minecraft:andesite":5,"minecraft:grass":17,"minecraft:oak_log":15,"minecraft:coal_ore":11,"minecraft:gravel":2,"minecraft:dirt":1,"minecraft:acacia_planks":1,"minecraft:stone":59,"minecraft:orange_bed":2,"minecraft:oak_leaves":7}},"DataVersion":3120}