{"stats":{"minecraft:custom":{"minecraft:interact_with_furnace":2,"minecraft:mob_kills":23,"minecraft:interact_with_crafting_table":21,"minecraft:leave_game":1,"minecraft:time_since_death":14530,"minecraft:sleep_in_bed":5,"minecraft:climb_one_cm":9193,"minecraft:time_since_rest":14554,"minecraft:sprint_one_cm":192343,"minecraft:damage_taken":1873,"minecraft:walk_one_cm":155580,"minecraft:drop":26,"minecraft:damage_dealt":2520,"minecraft:swim_one_cm":5397,"minecraft:fly_one_cm":206240,"minecraft:open_chest":5,"minecraft:crouch_one_cm":13561,"minecraft:play_time":62678,"minecraft:deaths":5,"minecraft:sneak_time":5849,"minecraft:walk_under_water_one_cm":9879,"minecraft:jump":1158,"minecraft:walk_on_water_one_cm":10190,"minecraft:total_world_time":62678,"minecraft:fall_one_cm":37478},"minecraft:dropped":{"minecraft:furnace":1,"minecraft:bread":90,"minecraft:iron_ingot":1,"minecraft:wheat_seeds":65,"minecraft:raw_iron":26,"minecraft:feather":2,"minecraft:cobblestone":82,"man:cassette_1safetyinstructions":1,"minecraft:coal":3,"minecraft:dirt":10,"minecraft:shield":1,"minecraft:torch":18,"minecraft:wooden_hoe":1,"minecraft:iron_chestplate":1,"minecraft:andesite":28,"minecraft:iron_leggings":1,"minecraft:wooden_pickaxe":1,"minecraft:stone_pickaxe":2,"minecraft:paper":2,"minecraft:egg":1,"minecraft:bone":2},"minecraft:crafted":{"minecraft:oak_door":3,"minecraft:oak_planks":96,"minecraft:stone_shovel":1,"minecraft:fishing_rod":1,"minecraft:crafting_table":5,"minecraft:wooden_pickaxe":2,"minecraft:furnace":2,"minecraft:stone_axe":2,"minecraft:bread":15,"minecraft:oak_trapdoor":2,"minecraft:wooden_hoe":1,"minecraft:ladder":24,"minecraft:stick":96,"minecraft:stone_pickaxe":2,"minecraft:chest":2,"minecraft:white_bed":1,"minecraft:acacia_planks":68,"minecraft:torch":28,"minecraft:oak_fence":6,"minecraft:wheat":45},"minecraft:used":{"minecraft:golden_boots":1,"minecraft:oak_fence":6,"minecraft:water_bucket":13,"minecraft:acacia_log":2,"minecraft:stone_shovel":13,"minecraft:stone_pickaxe":209,"minecraft:ladder":25,"minecraft:oak_planks":44,"minecraft:chest":1,"minecraft:wooden_pickaxe":6,"minecraft:orange_bed":2,"minecraft:oak_door":2,"minecraft:white_wool":1,"minecraft:torch":19,"minecraft:dirt":14,"minecraft:crafting_table":5,"minecraft:white_bed":1,"minecraft:lava_bucket":3,"minecraft:bread":19,"minecraft:gravel":2,"minecraft:fishing_rod":2,"minecraft:stone_axe":115,"minecraft:fire_charge":1,"minecraft:cobblestone":53,"minecraft:bow":4,"minecraft:hay_block":25,"minecraft:furnace":2,"minecraft:andesite":5,"minecraft:bucket":16,"minecraft:egg":2,"minecraft:acacia_planks":1,"minecraft:oak_trapdoor":1},"minecraft:killed":{"minecraft:spider":1,"minecraft:creeper":5,"minecraft:sheep":4,"minecraft:skeleton":2,"minecraft:zombie":2,"minecraft:chicken":5,"minecraft:cow":4},"minecraft:picked_up":{"minecraft:birch_log":5,"minecraft:iron_chestplate":1,"minecraft:wheat":2,"minecraft:feather":4,"minecraft:ladder":23,"minecraft:chicken":15,"minecraft:water_bucket":2,"minecraft:andesite":33,"minecraft:leather":18,"minecraft:wooden_pickaxe":2,"minecraft:flint":6,"minecraft:oak_log":33,"minecraft:golden_boots":1,"minecraft:shield":1,"minecraft:gunpowder":5,"minecraft:wooden_hoe":4,"minecraft:string":2,"minecraft:dirt":37,"minecraft:paper":4,"man:cassette_1safetyinstructions":2,"minecraft:iron_leggings":1,"minecraft:bone":5,"minecraft:acacia_planks":6,"minecraft:apple":2,"minecraft:bow":2,"minecraft:wheat_seeds":93,"minecraft:cobbled_deepslate":4,"minecraft:iron_ingot":1,"minecraft:light_weighted_pressure_plate":1,"minecraft:beef":7,"minecraft:stone_pickaxe":5,"minecraft:acacia_sapling":2,"minecraft:oak_planks":5,"minecraft:soul_sand":4,"minecraft:furnace":2,"minecraft:egg":12,"minecraft:stick":18,"minecraft:raw_iron":39,"minecraft:oak_door":5,"minecraft:torch":43,"minecraft:acacia_log":19,"minecraft:gravel":2,"minecraft:white_bed":3,"minecraft:orange_bed":2,"minecraft:rotten_flesh":6,"minecraft:arrow":4,"minecraft:stone_shovel":3,"minecraft:stone_axe":3,"minecraft:hay_block":92,"minecraft:golden_horse_armor":1,"minecraft:bread":208,"minecraft:oak_sapling":9,"minecraft:mutton":15,"minecraft:coal":17,"minecraft:cobblestone":175,"minecraft:white_wool":5},"minecraft:killed_by":{"man:managgresive":1,"minecraft:skeleton":2,"minecraft:creeper":1,"minecraft:zombie":1},"minecraft:mined":{"minecraft:acacia_leaves":1,"minecraft:white_bed":1,"minecraft:soul_sand":2,"minecraft:acacia_log":19,"minecraft:grass_block":13,"minecraft:cobblestone":9,"minecraft:tall_grass":11,"minecraft:oak_planks":5,"minecraft:hay_block":53,"minecraft:birch_log":5,"minecraft:iron_ore":14,"minecraft:andesite":36,"minecraft:grass":26,"minecraft:oak_log":33,"minecraft:coal_ore":14,"minecraft:gravel":4,"minecraft:dirt":11,"minecraft:acacia_planks":1,"minecraft:stone":125,"minecraft:orange_bed":2,"minecraft:oak_leaves":20}},"DataVersion":3120}