{"stats":{"minecraft:broken":{"minecraft:stone_sword":1,"minecraft:stone_axe":1},"minecraft:custom":{"minecraft:mob_kills":65,"minecraft:interact_with_crafting_table":26,"minecraft:leave_game":1,"minecraft:time_since_death":14078,"minecraft:climb_one_cm":19684,"minecraft:sprint_one_cm":504503,"minecraft:walk_one_cm":317302,"minecraft:damage_blocked_by_shield":1740,"minecraft:drop":31,"minecraft:play_time":128678,"minecraft:deaths":6,"minecraft:sneak_time":14406,"minecraft:walk_under_water_one_cm":10136,"minecraft:jump":3115,"minecraft:walk_on_water_one_cm":19375,"minecraft:total_world_time":128678,"minecraft:interact_with_furnace":4,"minecraft:sleep_in_bed":5,"minecraft:time_since_rest":14113,"minecraft:damage_taken":4089,"minecraft:damage_dealt":10900,"minecraft:swim_one_cm":12687,"minecraft:fly_one_cm":596567,"minecraft:open_chest":25,"minecraft:crouch_one_cm":25407,"minecraft:fish_caught":10,"minecraft:fall_one_cm":89247},"minecraft:dropped":{"minecraft:iron_ingot":1,"minecraft:bread":90,"minecraft:wheat_seeds":66,"minecraft:feather":2,"minecraft:cobblestone":82,"man:cassette_1safetyinstructions":1,"minecraft:coal":3,"minecraft:pufferfish":1,"minecraft:dirt":10,"minecraft:wooden_hoe":1,"minecraft:torch":18,"minecraft:iron_leggings":1,"minecraft:paper":2,"minecraft:bone":2,"minecraft:furnace":1,"minecraft:raw_iron":26,"minecraft:rotten_flesh":3,"minecraft:shield":1,"minecraft:iron_chestplate":1,"minecraft:andesite":28,"minecraft:stone_pickaxe":2,"minecraft:wooden_pickaxe":1,"minecraft:egg":1},"minecraft:crafted":{"minecraft:oak_door":3,"minecraft:oak_planks":136,"minecraft:stone_shovel":1,"minecraft:fishing_rod":1,"minecraft:furnace":2,"minecraft:bone_meal":6,"minecraft:oak_trapdoor":2,"minecraft:ladder":45,"minecraft:stone_pickaxe":2,"minecraft:chest":2,"minecraft:oak_fence":6,"minecraft:wheat":45,"minecraft:crimson_planks":8,"minecraft:crafting_table":8,"minecraft:wooden_pickaxe":2,"minecraft:birch_planks":20,"minecraft:stone_axe":3,"minecraft:bread":15,"minecraft:oak_boat":3,"minecraft:wooden_hoe":1,"minecraft:stick":160,"minecraft:white_bed":1,"minecraft:acacia_planks":68,"minecraft:torch":80},"minecraft:used":{"minecraft:oak_trapdoor":1,"minecraft:oak_fence":6,"minecraft:stone_sword":1,"minecraft:acacia_log":2,"minecraft:stone_shovel":13,"minecraft:ladder":44,"minecraft:chest":1,"minecraft:shield":31,"minecraft:iron_sword":115,"minecraft:netherrack":39,"minecraft:oak_door":2,"minecraft:orange_bed":2,"minecraft:torch":74,"minecraft:dirt":15,"minecraft:lava_bucket":3,"minecraft:crimson_planks":8,"minecraft:bamboo":15,"minecraft:bow":4,"minecraft:hay_block":25,"minecraft:furnace":2,"minecraft:egg":3,"minecraft:cobbled_deepslate":10,"minecraft:acacia_planks":1,"minecraft:golden_boots":1,"minecraft:water_bucket":13,"minecraft:stone_pickaxe":221,"minecraft:oak_planks":50,"minecraft:wooden_pickaxe":6,"minecraft:white_wool":1,"minecraft:crafting_table":8,"minecraft:white_bed":1,"minecraft:bread":64,"minecraft:iron_pickaxe":158,"minecraft:gravel":2,"minecraft:stone_axe":172,"minecraft:nether_wart_block":3,"minecraft:fishing_rod":19,"minecraft:fire_charge":1,"minecraft:cobblestone":56,"minecraft:porkchop":1,"minecraft:bucket":16,"minecraft:andesite":5,"minecraft:oak_boat":2,"minecraft:bone_meal":6},"minecraft:killed":{"minecraft:spider":2,"minecraft:skeleton":8,"minecraft:chicken":5,"minecraft:piglin":2,"minecraft:pig":1,"minecraft:creeper":7,"minecraft:sheep":4,"minecraft:zombie":8,"minecraft:wither_skeleton":5,"minecraft:blaze":17,"minecraft:enderman":2,"minecraft:cow":4},"minecraft:picked_up":{"minecraft:iron_chestplate":1,"minecraft:wheat":13,"minecraft:chicken":15,"minecraft:ladder":23,"minecraft:wooden_pickaxe":2,"minecraft:enchanted_book":2,"minecraft:shield":1,"minecraft:string":35,"minecraft:iron_leggings":1,"minecraft:pufferfish":1,"minecraft:cobbled_deepslate":25,"minecraft:bucket":1,"minecraft:light_weighted_pressure_plate":1,"minecraft:beef":7,"minecraft:oak_boat":3,"minecraft:iron_pickaxe":1,"minecraft:sugar_cane":12,"minecraft:chest":3,"minecraft:egg":13,"minecraft:furnace":2,"minecraft:raw_iron":61,"minecraft:stick":35,"minecraft:oak_door":5,"minecraft:oak_fence":2,"minecraft:torch":48,"minecraft:acacia_log":19,"minecraft:porkchop":3,"minecraft:redstone":6,"minecraft:orange_bed":2,"minecraft:stone_sword":2,"minecraft:arrow":13,"minecraft:stone_shovel":3,"minecraft:rotten_flesh":34,"minecraft:nether_bricks":25,"minecraft:hay_block":92,"minecraft:gold_ingot":3,"minecraft:saddle":1,"minecraft:blaze_rod":16,"minecraft:mutton":15,"minecraft:white_wool":5,"minecraft:cod":9,"minecraft:cobblestone":198,"minecraft:birch_log":10,"minecraft:feather":4,"minecraft:crimson_stem":2,"minecraft:water_bucket":2,"minecraft:andesite":33,"minecraft:leather":18,"minecraft:flint":6,"minecraft:oak_log":34,"minecraft:golden_boots":1,"minecraft:nether_wart_block":3,"minecraft:gunpowder":24,"minecraft:wooden_hoe":4,"minecraft:dirt":38,"minecraft:paper":4,"man:cassette_1safetyinstructions":2,"minecraft:name_tag":2,"minecraft:bone":26,"minecraft:acacia_planks":6,"minecraft:apple":2,"minecraft:bow":2,"minecraft:wheat_seeds":94,"minecraft:stone_pickaxe":6,"minecraft:iron_ingot":1,"minecraft:glowstone_dust":3,"minecraft:bamboo":15,"minecraft:oak_planks":11,"minecraft:acacia_sapling":2,"minecraft:soul_sand":4,"minecraft:music_disc_13":1,"minecraft:gravel":2,"minecraft:white_bed":3,"minecraft:grass_block":1,"minecraft:spider_eye":1,"minecraft:pumpkin_seeds":6,"minecraft:diamond":4,"minecraft:stone_axe":4,"minecraft:granite":1,"minecraft:golden_apple":1,"minecraft:golden_horse_armor":2,"minecraft:bread":210,"minecraft:melon_seeds":2,"minecraft:oak_sapling":9,"minecraft:netherrack":67,"minecraft:coal":40},"minecraft:killed_by":{"minecraft:creeper":1,"man:managgresive":1,"minecraft:skeleton":3,"minecraft:zombie":1},"minecraft:mined":{"minecraft:white_bed":1,"minecraft:deepslate_diamond_ore":4,"minecraft:nether_bricks":25,"minecraft:granite":1,"minecraft:acacia_log":19,"minecraft:grass_block":14,"minecraft:spawner":4,"minecraft:crimson_stem":2,"minecraft:hay_block":53,"minecraft:glowstone":1,"minecraft:fire":7,"minecraft:iron_ore":29,"minecraft:andesite":38,"minecraft:deepslate_iron_ore":7,"minecraft:bamboo":6,"minecraft:stone":137,"minecraft:orange_bed":2,"minecraft:acacia_leaves":1,"minecraft:soul_sand":2,"minecraft:crimson_nylium":1,"minecraft:soul_fire":9,"minecraft:oak_fence":2,"minecraft:torch":2,"minecraft:chest":4,"minecraft:tall_grass":11,"minecraft:cobblestone":11,"minecraft:oak_planks":10,"minecraft:sugar_cane":6,"minecraft:wall_torch":3,"minecraft:nether_wart_block":3,"minecraft:birch_log":5,"minecraft:grass":34,"minecraft:coal_ore":32,"minecraft:oak_log":34,"minecraft:dirt":11,"minecraft:gravel":4,"minecraft:cobweb":17,"minecraft:acacia_planks":1,"minecraft:netherrack":54,"minecraft:deepslate":20,"minecraft:oak_leaves":20}},"DataVersion":3120}