{"stats":{"minecraft:dropped":{"minecraft:cobblestone":36,"minecraft:wooden_hoe":1},"minecraft:custom":{"minecraft:interact_with_furnace":1,"minecraft:mob_kills":18,"minecraft:interact_with_crafting_table":16,"minecraft:leave_game":1,"minecraft:time_since_death":2530,"minecraft:sleep_in_bed":5,"minecraft:climb_one_cm":4194,"minecraft:time_since_rest":2554,"minecraft:sprint_one_cm":164549,"minecraft:damage_taken":1698,"minecraft:walk_one_cm":135273,"minecraft:drop":2,"minecraft:damage_dealt":1781,"minecraft:fly_one_cm":160723,"minecraft:open_chest":4,"minecraft:crouch_one_cm":11452,"minecraft:play_time":50678,"minecraft:deaths":5,"minecraft:sneak_time":4484,"minecraft:walk_under_water_one_cm":7758,"minecraft:jump":921,"minecraft:walk_on_water_one_cm":9543,"minecraft:total_world_time":50678,"minecraft:fall_one_cm":29556},"minecraft:crafted":{"minecraft:oak_door":3,"minecraft:oak_planks":60,"minecraft:stone_shovel":1,"minecraft:crafting_table":4,"minecraft:wooden_pickaxe":2,"minecraft:furnace":2,"minecraft:stone_axe":2,"minecraft:bread":15,"minecraft:wooden_hoe":1,"minecraft:ladder":24,"minecraft:stick":96,"minecraft:stone_pickaxe":2,"minecraft:white_bed":1,"minecraft:acacia_planks":68,"minecraft:torch":28,"minecraft:oak_fence":3,"minecraft:wheat":45},"minecraft:used":{"minecraft:golden_boots":1,"minecraft:oak_fence":3,"minecraft:water_bucket":13,"minecraft:acacia_log":2,"minecraft:stone_shovel":13,"minecraft:stone_pickaxe":133,"minecraft:ladder":23,"minecraft:oak_planks":41,"minecraft:wooden_pickaxe":6,"minecraft:orange_bed":2,"minecraft:oak_door":2,"minecraft:white_wool":1,"minecraft:torch":19,"minecraft:dirt":14,"minecraft:crafting_table":4,"minecraft:white_bed":1,"minecraft:lava_bucket":3,"minecraft:bread":14,"minecraft:gravel":2,"minecraft:stone_axe":68,"minecraft:fire_charge":1,"minecraft:cobblestone":53,"minecraft:bow":4,"minecraft:hay_block":25,"minecraft:furnace":1,"minecraft:andesite":5,"minecraft:bucket":16},"minecraft:killed":{"minecraft:creeper":3,"minecraft:sheep":4,"minecraft:skeleton":2,"minecraft:chicken":5,"minecraft:cow":4},"minecraft:picked_up":{"minecraft:wheat":2,"minecraft:feather":2,"minecraft:ladder":19,"minecraft:chicken":15,"minecraft:water_bucket":2,"minecraft:andesite":5,"minecraft:leather":18,"minecraft:wooden_pickaxe":2,"minecraft:flint":6,"minecraft:oak_log":15,"minecraft:golden_boots":1,"minecraft:gunpowder":5,"minecraft:wooden_hoe":4,"minecraft:dirt":27,"minecraft:paper":2,"man:cassette_1safetyinstructions":1,"minecraft:bone":3,"minecraft:acacia_planks":6,"minecraft:bow":2,"minecraft:wheat_seeds":29,"minecraft:cobbled_deepslate":4,"minecraft:light_weighted_pressure_plate":1,"minecraft:beef":7,"minecraft:stone_pickaxe":3,"minecraft:oak_planks":4,"minecraft:soul_sand":4,"minecraft:egg":9,"minecraft:stick":13,"minecraft:raw_iron":13,"minecraft:oak_door":5,"minecraft:torch":25,"minecraft:acacia_log":19,"minecraft:gravel":2,"minecraft:white_bed":3,"minecraft:orange_bed":2,"minecraft:rotten_flesh":4,"minecraft:arrow":4,"minecraft:stone_shovel":3,"minecraft:stone_axe":3,"minecraft:hay_block":92,"minecraft:golden_horse_armor":1,"minecraft:bread":86,"minecraft:oak_sapling":2,"minecraft:mutton":15,"minecraft:coal":17,"minecraft:cobblestone":135,"minecraft:white_wool":5},"minecraft:killed_by":{"man:managgresive":1,"minecraft:skeleton":2,"minecraft:creeper":1,"minecraft:zombie":1},"minecraft:mined":{"minecraft:acacia_leaves":1,"minecraft:white_bed":1,"minecraft:soul_sand":2,"minecraft:acacia_log":19,"minecraft:grass_block":13,"minecraft:cobblestone":9,"minecraft:tall_grass":7,"minecraft:oak_planks":5,"minecraft:hay_block":53,"minecraft:iron_ore":14,"minecraft:andesite":10,"minecraft:grass":18,"minecraft:oak_log":15,"minecraft:coal_ore":14,"minecraft:gravel":4,"minecraft:dirt":1,"minecraft:acacia_planks":1,"minecraft:stone":85,"minecraft:orange_bed":2,"minecraft:oak_leaves":7}},"DataVersion":3120}